seq_len,Transformer,Mamba,TGN (Chunked 20%)
1024,113079.01890369122,93233.05828467233,45984.660556745184
2048,100090.82340768153,181319.41149898892,90991.79258374168
4096,68832.85822006008,285851.874756658,186224.78070184946
8192,37199.23804640586,292665.90661535604,196619.77570525577
16384,0.0,276600.79799454845,158868.6871317233
32768,0.0,268779.4096507875,113477.68613405067
